{
  "project_info": {
    "project_number": "122250799512",
    "project_id": "evaluacion1303-d7d21",
    "storage_bucket": "evaluacion1303-d7d21.appspot.com"
  },
  "client": [
    {
      "client_info": {
        "mobilesdk_app_id": "1:122250799512:android:22074d4d5752dcb936e3ed",
        "android_client_info": {
          "package_name": "com.example.proyectofinal_2"
        }
      },
      "oauth_client": [
        {
          "client_id": "122250799512-fdfus97e0ftopvju159uob5gicgn1fsg.apps.googleusercontent.com",
          "client_type": 1,
          "android_info": {
            "package_name": "com.example.proyectofinal_2",
            "certificate_hash": "07cd55d3a48536a998420e748a465650a5ae5619"
          }
        },
        {
          "client_id": "122250799512-e0lvud17cj144rnqmub9dt2tnqtjba2l.apps.googleusercontent.com",
          "client_type": 3
        }
      ],
      "api_key": [
        {
          "current_key": "AIzaSyC3fkgz2L2gioCRrfIXckQLPOn37FRb-mg"
        }
      ],
      "services": {
        "appinvite_service": {
          "other_platform_oauth_client": [
            {
              "client_id": "122250799512-8j43ugt4ivujn4r9bu5pfqqsknhqqfuk.apps.googleusercontent.com",
              "client_type": 3
            }
          ]
        }
      }
    }
  ],
  "configuration_version": "1"
}